longitude,latitude,housing_median_age,total_rooms,total_bedrooms,population,households,median_income,median_house_value,ocean_proximity
-119.01,36.06,25.0,1505.0,,1392.0,359.0,1.6812,47700.0,INLAND
-119.46,35.14,30.0,2943.0,,1565.0,584.0,2.5313,45800.0,INLAND
-122.44,37.8,52.0,3830.0,,1310.0,963.0,3.4801,500001.0,NEAR BAY
-118.72,34.28,17.0,3051.0,,1705.0,495.0,5.7376,218600.0,<1H OCEAN
-121.93,36.62,34.0,2351.0,,1063.0,428.0,3.725,278000.0,NEAR OCEAN
-117.61,34.08,12.0,4427.0,,2400.0,843.0,4.7147,158700.0,INLAND
-118.02,33.89,36.0,1375.0,,670.0,221.0,5.0839,198200.0,<1H OCEAN
-118.08,33.92,38.0,1335.0,,1011.0,269.0,3.6908,157500.0,<1H OCEAN
-122.08,37.39,4.0,2292.0,,1050.0,584.0,4.8036,340000.0,NEAR BAY
-118.23,34.18,45.0,2332.0,,943.0,339.0,8.1132,446600.0,<1H OCEAN
-120.37,38.01,30.0,473.0,,242.0,93.0,2.5417,123200.0,INLAND
-118.12,34.08,35.0,2248.0,,1762.0,622.0,3.0,253900.0,<1H OCEAN
-117.91,33.76,20.0,4413.0,,4818.0,1063.0,2.8594,215100.0,<1H OCEAN
-119.19,34.2,18.0,3620.0,,3171.0,779.0,3.3409,220500.0,NEAR OCEAN
-117.98,33.92,27.0,3700.0,,1793.0,552.0,5.3668,219800.0,<1H OCEAN
-117.91,34.02,22.0,6269.0,,5587.0,1251.0,3.8201,136200.0,<1H OCEAN
-122.1,37.69,41.0,746.0,,387.0,161.0,3.9063,178400.0,NEAR BAY
-121.02,37.48,26.0,467.0,,244.0,83.0,4.1346,187500.0,INLAND
-117.05,32.75,36.0,2024.0,,1030.0,390.0,3.8233,139800.0,NEAR OCEAN
-120.97,37.43,27.0,1380.0,,810.0,262.0,2.1875,137500.0,INLAND
-122.16,37.45,47.0,4234.0,,1808.0,1093.0,4.2297,425000.0,NEAR BAY
-118.37,34.07,50.0,2519.0,,1117.0,516.0,4.3667,405600.0,<1H OCEAN
-119.73,36.83,8.0,3602.0,,1959.0,580.0,5.3478,138800.0,INLAND
-122.39,37.59,32.0,4497.0,,1846.0,715.0,6.1323,500001.0,NEAR OCEAN
-117.14,32.9,16.0,3217.0,,2054.0,687.0,4.2234,162100.0,<1H OCEAN
-119.38,36.53,38.0,1281.0,,1423.0,293.0,1.9602,51400.0,INLAND
-118.36,33.96,26.0,3543.0,,2742.0,951.0,2.5504,151300.0,<1H OCEAN
-124.13,40.55,38.0,544.0,,240.0,91.0,3.25,94800.0,<1H OCEAN
-121.98,37.96,22.0,2987.0,,1420.0,540.0,3.65,204100.0,INLAND
-118.3,33.72,35.0,2790.0,,1167.0,441.0,6.2028,361500.0,NEAR OCEAN
-122.17,37.75,38.0,992.0,,732.0,259.0,1.6196,85100.0,NEAR BAY
-118.31,34.03,47.0,1315.0,,785.0,245.0,1.23,138400.0,<1H OCEAN
-117.23,32.75,5.0,1824.0,,892.0,426.0,3.4286,137500.0,NEAR OCEAN
-122.08,37.37,29.0,1229.0,,707.0,194.0,7.1108,465000.0,NEAR BAY
-122.5,37.75,44.0,1819.0,,1137.0,354.0,3.4919,271800.0,NEAR OCEAN
-118.5,34.46,17.0,10267.0,,4956.0,1483.0,5.5061,239400.0,<1H OCEAN
-122.39,37.6,34.0,707.0,,381.0,156.0,4.375,340900.0,NEAR OCEAN
-117.96,34.03,35.0,2093.0,,1755.0,403.0,3.4115,150400.0,<1H OCEAN
-121.13,38.87,48.0,1127.0,,530.0,186.0,3.0917,128100.0,INLAND
-118.17,33.98,41.0,756.0,,873.0,212.0,2.7321,156000.0,<1H OCEAN
-118.75,34.29,17.0,5512.0,,2734.0,814.0,6.6073,258100.0,<1H OCEAN
-119.45,36.61,24.0,1302.0,,693.0,243.0,3.7917,90500.0,INLAND
-120.85,37.78,25.0,421.0,,303.0,106.0,2.2679,71300.0,INLAND
-117.98,33.73,18.0,3833.0,,2192.0,996.0,3.4679,219700.0,<1H OCEAN
-117.65,34.04,15.0,3393.0,,2039.0,611.0,3.9336,151000.0,INLAND
-118.43,34.2,28.0,3386.0,,2240.0,737.0,3.0221,290100.0,<1H OCEAN
-117.03,32.73,34.0,2061.0,,1169.0,400.0,3.5096,142000.0,NEAR OCEAN
-117.09,32.77,31.0,3062.0,,1263.0,539.0,3.0875,291500.0,NEAR OCEAN
-118.3,33.73,42.0,1731.0,,866.0,403.0,2.7451,255400.0,NEAR OCEAN
-124.06,40.86,34.0,4183.0,,1891.0,669.0,3.2216,98100.0,NEAR OCEAN
-122.91,38.46,18.0,2021.0,,912.0,329.0,4.5,251900.0,<1H OCEAN
-118.28,34.25,29.0,2559.0,,1886.0,769.0,2.6036,162100.0,<1H OCEAN
-116.95,32.84,31.0,1307.0,,752.0,231.0,3.4286,129400.0,<1H OCEAN
-120.4,37.3,28.0,1401.0,,967.0,257.0,1.5917,89400.0,INLAND
-118.18,34.04,42.0,1670.0,,1997.0,452.0,2.788,150500.0,<1H OCEAN
-119.33,36.3,11.0,3045.0,,1563.0,516.0,5.4337,133800.0,INLAND
-117.22,34.11,26.0,2972.0,,1972.0,532.0,2.0388,80400.0,INLAND
-117.91,34.05,35.0,3189.0,,1727.0,500.0,5.0758,211100.0,<1H OCEAN
-117.2,32.79,29.0,1213.0,,654.0,246.0,4.5987,255600.0,NEAR OCEAN
-117.34,33.94,13.0,7910.0,,3382.0,1176.0,5.5563,214500.0,INLAND
-118.1,33.74,32.0,2035.0,,934.0,512.0,4.2287,500001.0,NEAR OCEAN
-118.36,34.05,42.0,1372.0,,674.0,271.0,2.8793,202100.0,<1H OCEAN
-120.93,37.73,14.0,2799.0,,2294.0,596.0,2.6343,81500.0,INLAND
-124.0,40.92,29.0,1429.0,,672.0,266.0,2.9485,98800.0,<1H OCEAN
-117.98,33.68,24.0,4177.0,,1704.0,606.0,6.2473,281900.0,<1H OCEAN
-118.26,33.83,24.0,3059.0,,2064.0,629.0,3.5518,184600.0,<1H OCEAN
-122.41,38.16,37.0,1549.0,,863.0,275.0,2.7457,254700.0,NEAR BAY
-121.95,38.03,5.0,5526.0,,3207.0,1012.0,4.0767,143100.0,INLAND
-118.28,34.06,42.0,2472.0,,3795.0,1179.0,1.2254,162500.0,<1H OCEAN
-118.17,34.06,43.0,464.0,,416.0,120.0,2.475,142600.0,<1H OCEAN
-120.67,40.5,15.0,5343.0,,2503.0,902.0,3.5962,85900.0,INLAND
-122.14,37.67,37.0,3342.0,,1635.0,557.0,4.7933,186900.0,NEAR BAY
-119.68,36.79,16.0,1551.0,,1010.0,292.0,3.5417,71300.0,INLAND
-116.91,32.83,16.0,5203.0,,2515.0,862.0,4.105,174400.0,<1H OCEAN
-118.35,33.9,31.0,1547.0,,956.0,287.0,3.4698,225000.0,<1H OCEAN
-122.7,38.35,14.0,2313.0,,954.0,397.0,3.7813,146500.0,<1H OCEAN
-122.28,37.51,33.0,4719.0,,1980.0,757.0,6.1064,405000.0,NEAR OCEAN
-117.66,33.51,18.0,2626.0,,1302.0,522.0,4.0167,189600.0,<1H OCEAN
-118.09,33.89,42.0,991.0,,717.0,219.0,4.0926,164400.0,<1H OCEAN
-118.46,34.03,52.0,523.0,,317.0,130.0,2.2794,337500.0,<1H OCEAN
-119.15,36.29,18.0,1435.0,,657.0,254.0,2.4281,72500.0,INLAND
-117.91,33.87,29.0,1121.0,,762.0,276.0,2.5,143800.0,<1H OCEAN
-118.27,34.07,27.0,1190.0,,1795.0,422.0,1.7016,160000.0,<1H OCEAN
-118.27,34.04,13.0,1784.0,,2158.0,682.0,1.7038,118100.0,<1H OCEAN
-118.27,34.17,52.0,2010.0,,908.0,326.0,6.9135,374000.0,<1H OCEAN
-117.14,33.16,16.0,1660.0,,733.0,214.0,5.6874,202700.0,<1H OCEAN
-122.72,38.88,29.0,2781.0,,890.0,310.0,1.9906,96600.0,INLAND
-121.47,38.61,31.0,1072.0,,781.0,281.0,1.6563,65800.0,INLAND
-119.18,34.19,19.0,2393.0,,1938.0,762.0,1.6953,167400.0,NEAR OCEAN
-118.59,34.2,21.0,1789.0,,2300.0,677.0,2.754,179800.0,<1H OCEAN
-122.22,38.08,37.0,2811.0,,1574.0,516.0,3.1053,96700.0,NEAR BAY
-121.97,37.34,33.0,3162.0,,1553.0,686.0,3.6682,266100.0,<1H OCEAN
-117.14,32.71,52.0,500.0,,480.0,108.0,1.8696,91100.0,NEAR OCEAN
-119.75,36.71,38.0,1481.0,,1543.0,372.0,1.4577,49800.0,INLAND
-121.3,38.58,16.0,1537.0,,1125.0,375.0,2.6471,90700.0,INLAND
-117.76,34.04,34.0,1914.0,,1564.0,328.0,2.8347,115800.0,INLAND
-122.45,37.77,52.0,2602.0,,1330.0,647.0,3.5435,278600.0,NEAR BAY
-117.15,32.72,51.0,1321.0,,781.0,499.0,1.3071,250000.0,NEAR OCEAN
-122.08,37.88,26.0,2947.0,,825.0,626.0,2.933,85000.0,NEAR BAY
-117.87,33.73,45.0,2264.0,,1970.0,499.0,3.4193,177000.0,<1H OCEAN
-117.67,34.04,13.0,1543.0,,776.0,358.0,3.0598,99700.0,INLAND
-117.66,33.58,6.0,4186.0,,1794.0,541.0,9.6986,357600.0,<1H OCEAN
-117.27,32.85,26.0,1373.0,,608.0,268.0,4.425,475000.0,NEAR OCEAN
-117.02,32.66,19.0,771.0,,376.0,108.0,6.6272,273600.0,NEAR OCEAN
-118.05,33.99,38.0,1619.0,,886.0,357.0,3.7328,182400.0,<1H OCEAN
-117.92,33.87,33.0,1597.0,,1888.0,423.0,3.055,157800.0,<1H OCEAN
-118.31,34.09,37.0,773.0,,835.0,312.0,1.8576,193800.0,<1H OCEAN
-118.38,34.05,49.0,702.0,,458.0,187.0,4.8958,333600.0,<1H OCEAN
-121.95,37.31,27.0,4140.0,,2135.0,893.0,3.6292,264600.0,<1H OCEAN
-120.98,37.6,36.0,1437.0,,1073.0,320.0,2.1779,58400.0,INLAND
-122.28,37.78,29.0,5154.0,,3741.0,1273.0,2.5762,173400.0,NEAR BAY
-118.23,34.13,48.0,1308.0,,835.0,294.0,4.2891,214800.0,<1H OCEAN
-119.11,35.42,52.0,154.0,,37.0,16.0,10.0263,200000.0,INLAND
-121.89,37.44,8.0,2534.0,,1527.0,364.0,7.8532,422800.0,<1H OCEAN
-121.44,38.54,39.0,2855.0,,1217.0,562.0,3.2404,93600.0,INLAND
-118.37,34.03,37.0,1236.0,,966.0,292.0,3.0694,122200.0,<1H OCEAN
-118.1,33.91,36.0,726.0,,490.0,130.0,3.6389,167600.0,<1H OCEAN
-118.5,34.17,37.0,880.0,,369.0,155.0,4.1429,303600.0,<1H OCEAN
-117.96,33.78,33.0,1520.0,,658.0,242.0,4.875,269300.0,<1H OCEAN
-117.86,34.01,16.0,4632.0,,3038.0,727.0,5.1762,264400.0,<1H OCEAN
-122.79,38.48,7.0,6837.0,,3468.0,1405.0,3.1662,191000.0,<1H OCEAN
-118.31,33.94,40.0,1550.0,,798.0,270.0,3.775,153800.0,<1H OCEAN
-122.44,37.73,39.0,1912.0,,970.0,406.0,4.7813,275500.0,NEAR BAY
-118.32,34.09,44.0,2666.0,,2297.0,726.0,1.676,208800.0,<1H OCEAN
-116.93,32.79,19.0,3354.0,,1948.0,682.0,3.0192,142300.0,<1H OCEAN
-119.44,36.58,37.0,1054.0,,879.0,257.0,2.5234,63500.0,INLAND
-117.3,34.05,6.0,2155.0,,1039.0,391.0,1.6675,95800.0,INLAND
-118.29,33.73,30.0,3161.0,,1865.0,771.0,2.7139,231700.0,NEAR OCEAN
-118.4,34.17,24.0,6347.0,,2945.0,1492.0,3.3545,221500.0,<1H OCEAN
-119.78,36.82,25.0,5016.0,,2133.0,928.0,3.625,89500.0,INLAND
-117.73,34.1,37.0,3457.0,,1344.0,530.0,5.8891,226000.0,INLAND
-118.18,34.19,48.0,1371.0,,528.0,155.0,15.0001,500001.0,<1H OCEAN
-122.5,37.75,45.0,1620.0,,941.0,328.0,4.3859,270200.0,NEAR OCEAN
-120.32,37.29,38.0,576.0,,478.0,112.0,2.3382,59600.0,INLAND
-122.65,38.25,23.0,4030.0,,1852.0,778.0,3.402,193300.0,<1H OCEAN
-117.28,34.26,18.0,3895.0,,1086.0,375.0,3.3672,133600.0,INLAND
-122.16,37.77,47.0,1256.0,,570.0,218.0,4.375,161900.0,NEAR BAY
-119.73,34.44,38.0,1729.0,,801.0,395.0,3.1364,357500.0,NEAR OCEAN
-122.48,38.5,37.0,3049.0,,1287.0,439.0,4.3125,276500.0,INLAND
-118.88,34.17,15.0,4260.0,,1701.0,669.0,5.1033,410700.0,<1H OCEAN
-122.15,37.43,20.0,11709.0,,7604.0,3589.0,1.9045,375000.0,NEAR BAY
-117.01,32.74,31.0,3473.0,,2098.0,677.0,2.6973,135200.0,<1H OCEAN
-118.21,34.07,52.0,1770.0,,1848.0,439.0,2.4135,167200.0,<1H OCEAN
-118.36,34.05,45.0,2283.0,,1093.0,475.0,2.5658,252000.0,<1H OCEAN
-118.53,34.26,18.0,3674.0,,1590.0,550.0,8.176,308400.0,<1H OCEAN
-118.19,33.98,36.0,4179.0,,4582.0,1196.0,2.0087,172100.0,<1H OCEAN
-122.4,37.58,26.0,3281.0,,1145.0,480.0,6.358,500001.0,NEAR OCEAN
-122.38,37.73,40.0,543.0,,259.0,89.0,2.2167,193800.0,NEAR BAY
-121.08,39.22,30.0,2188.0,,1033.0,437.0,2.1419,105200.0,INLAND
-117.28,34.09,44.0,376.0,,273.0,107.0,2.2917,90800.0,INLAND
-118.29,34.05,34.0,1102.0,,1325.0,439.0,1.5972,168800.0,<1H OCEAN
-121.33,38.02,31.0,1466.0,,608.0,254.0,3.1827,162100.0,INLAND
-118.05,34.04,33.0,1348.0,,1098.0,257.0,4.2917,161200.0,<1H OCEAN
-118.16,34.01,40.0,1552.0,,1919.0,427.0,2.2596,137500.0,<1H OCEAN
-121.9,36.58,31.0,1431.0,,704.0,393.0,3.1977,289300.0,NEAR OCEAN
-117.65,33.6,15.0,5736.0,,2529.0,762.0,6.4114,278700.0,<1H OCEAN
-117.92,33.7,15.0,3201.0,,1510.0,622.0,4.2708,161700.0,<1H OCEAN
-117.87,33.83,27.0,2287.0,,1140.0,351.0,5.6163,231000.0,<1H OCEAN
-120.61,37.36,16.0,638.0,,380.0,132.0,1.9135,87500.0,INLAND
-118.25,33.95,28.0,2136.0,,1799.0,476.0,1.5427,95700.0,<1H OCEAN
-116.66,32.79,13.0,843.0,,918.0,152.0,6.2152,240600.0,<1H OCEAN
-118.07,34.1,32.0,4275.0,,2812.0,1012.0,3.3512,214100.0,<1H OCEAN
-118.55,34.28,16.0,8879.0,,3468.0,1200.0,8.1125,428600.0,<1H OCEAN
-121.85,36.61,38.0,238.0,,191.0,67.0,1.3897,125000.0,<1H OCEAN
-122.42,40.44,16.0,994.0,,495.0,181.0,2.1875,76400.0,INLAND
-119.75,34.45,6.0,2864.0,,1404.0,603.0,5.5073,263800.0,NEAR OCEAN
-118.8,34.41,45.0,1610.0,,1148.0,347.0,2.7,120400.0,<1H OCEAN
-119.3,36.57,32.0,728.0,,461.0,149.0,3.0156,109100.0,INLAND
-118.55,34.19,18.0,5862.0,,3161.0,1280.0,3.1106,170600.0,<1H OCEAN
-121.88,37.4,9.0,6751.0,,4240.0,1438.0,5.34,257400.0,<1H OCEAN
-121.9,37.28,26.0,3756.0,,1408.0,535.0,5.6427,320000.0,<1H OCEAN
-117.17,32.75,52.0,1052.0,,381.0,201.0,3.0726,289600.0,NEAR OCEAN
-117.2,33.24,12.0,4992.0,,2106.0,801.0,6.2079,307300.0,<1H OCEAN
-117.64,33.45,26.0,1528.0,,607.0,218.0,6.2871,325500.0,NEAR OCEAN
-122.1,40.03,25.0,2516.0,,1266.0,494.0,1.7566,58400.0,INLAND
-114.59,34.83,41.0,812.0,,375.0,158.0,1.7083,48500.0,INLAND
-122.23,38.17,45.0,350.0,,225.0,72.0,1.8942,216700.0,NEAR BAY
-117.31,34.25,29.0,4610.0,,1569.0,592.0,2.7663,97900.0,INLAND
-121.77,39.66,20.0,3759.0,,1705.0,600.0,4.712,158600.0,INLAND
-119.72,36.76,23.0,6403.0,,3573.0,1260.0,2.3006,69000.0,INLAND
-122.01,37.94,23.0,3741.0,,1339.0,499.0,6.7061,322300.0,NEAR BAY
-121.75,37.11,18.0,3167.0,,1414.0,482.0,6.8773,467700.0,<1H OCEAN
-117.02,32.78,31.0,2567.0,,1198.0,499.0,3.4659,163000.0,<1H OCEAN
-121.97,37.35,30.0,1955.0,,999.0,386.0,4.6328,287100.0,<1H OCEAN
-119.69,36.83,32.0,1098.0,,726.0,224.0,1.4913,54600.0,INLAND
-118.25,33.94,43.0,793.0,,736.0,231.0,0.8527,90400.0,<1H OCEAN
-117.97,34.06,31.0,2516.0,,2194.0,497.0,3.2413,155500.0,<1H OCEAN
-118.3,34.07,18.0,3759.0,,3296.0,1462.0,2.2708,175000.0,<1H OCEAN
-122.0,37.36,17.0,2070.0,,797.0,275.0,8.6155,411200.0,<1H OCEAN
-118.35,34.01,35.0,3776.0,,1583.0,749.0,3.5486,332100.0,<1H OCEAN
-118.2,33.92,45.0,1283.0,,1025.0,248.0,3.2798,141200.0,<1H OCEAN
-122.24,37.75,45.0,891.0,,384.0,146.0,4.9489,247100.0,NEAR BAY
-117.99,34.14,30.0,2346.0,,1988.0,474.0,2.5625,153000.0,INLAND
-118.22,34.05,34.0,1113.0,,928.0,290.0,3.1654,155000.0,<1H OCEAN
-121.19,38.71,11.0,4415.0,,1520.0,627.0,3.2321,390800.0,INLAND
-119.32,36.25,21.0,1231.0,,609.0,206.0,2.8365,90000.0,INLAND
-118.56,34.2,35.0,2273.0,,1431.0,403.0,4.0789,196700.0,<1H OCEAN
-116.21,33.75,22.0,894.0,,830.0,202.0,3.0673,68200.0,INLAND
-118.49,34.13,24.0,4394.0,,1443.0,528.0,11.2979,500001.0,<1H OCEAN
-118.23,33.94,36.0,1110.0,,1417.0,302.0,2.3333,92100.0,<1H OCEAN
-122.48,37.7,33.0,4492.0,,3477.0,1537.0,3.0546,297900.0,NEAR OCEAN
-117.87,33.62,8.0,1266.0,,375.0,183.0,9.802,500001.0,<1H OCEAN
-122.53,38.32,22.0,3577.0,,1371.0,501.0,5.795,332300.0,<1H OCEAN
-122.22,38.15,7.0,5129.0,,2824.0,738.0,5.5138,171100.0,NEAR BAY
-118.45,34.3,27.0,2676.0,,2661.0,623.0,4.3047,152100.0,<1H OCEAN
-122.46,37.72,39.0,2254.0,,1388.0,404.0,2.9688,232000.0,NEAR OCEAN
-120.98,37.66,10.0,934.0,,401.0,255.0,0.9336,127100.0,INLAND
-120.67,37.37,18.0,164.0,30.0,104.0,32.0,1.6607,87500.0,INLAND
-118.01,33.89,34.0,1653.0,292.0,1003.0,310.0,4.6,203400.0,<1H OCEAN
-121.97,36.97,15.0,2849.0,668.0,1546.0,582.0,2.7587,228600.0,NEAR OCEAN
-118.25,33.98,47.0,617.0,162.0,754.0,144.0,2.2969,116700.0,<1H OCEAN
-121.81,37.38,29.0,570.0,76.0,244.0,72.0,12.3292,416700.0,<1H OCEAN
-118.36,33.89,34.0,760.0,174.0,723.0,198.0,5.3169,227600.0,<1H OCEAN
-117.28,33.1,13.0,2644.0,422.0,1197.0,399.0,6.5338,267900.0,NEAR OCEAN
-122.25,38.1,52.0,1591.0,372.0,817.0,357.0,2.1411,97200.0,NEAR BAY
-118.15,34.15,49.0,806.0,199.0,698.0,172.0,2.3654,137500.0,<1H OCEAN
-118.27,34.08,35.0,1147.0,365.0,1016.0,296.0,2.3913,198800.0,<1H OCEAN
-119.31,36.39,32.0,2293.0,466.0,1538.0,468.0,1.9342,68600.0,INLAND
-122.07,37.39,30.0,1695.0,480.0,932.0,447.0,3.5045,352500.0,NEAR BAY
-118.27,34.0,46.0,1748.0,428.0,1707.0,409.0,2.148,103800.0,<1H OCEAN
-119.99,38.88,17.0,2807.0,529.0,675.0,251.0,2.7457,107800.0,INLAND
-121.2,38.7,28.0,2970.0,471.0,1379.0,463.0,4.3214,131700.0,INLAND
-122.42,37.74,52.0,2019.0,418.0,999.0,448.0,4.2212,271300.0,NEAR BAY
-117.29,34.14,52.0,1683.0,266.0,646.0,256.0,4.0481,97300.0,INLAND
-123.8,39.44,52.0,1533.0,336.0,754.0,340.0,1.9213,95000.0,<1H OCEAN
-122.7,38.35,14.0,1555.0,369.0,493.0,335.0,1.6033,67500.0,<1H OCEAN
-118.3,34.19,52.0,1704.0,277.0,746.0,262.0,4.7986,326100.0,<1H OCEAN
-116.09,34.15,13.0,9444.0,1997.0,4166.0,1482.0,2.6111,65600.0,INLAND
-117.7,33.62,19.0,2957.0,492.0,1639.0,495.0,5.0686,225600.0,<1H OCEAN
-117.23,32.74,44.0,1404.0,229.0,513.0,217.0,4.1806,263800.0,NEAR OCEAN
-118.45,34.0,46.0,1777.0,362.0,896.0,334.0,4.45,348300.0,<1H OCEAN
-118.42,34.0,33.0,1139.0,299.0,734.0,257.0,3.2708,325000.0,<1H OCEAN
-118.31,34.02,46.0,2217.0,489.0,1227.0,448.0,1.6851,108800.0,<1H OCEAN
-122.43,37.77,52.0,1760.0,366.0,742.0,318.0,4.445,400000.0,NEAR BAY
-121.08,38.9,27.0,3436.0,755.0,1568.0,709.0,2.4273,138400.0,INLAND
-119.63,36.32,36.0,1518.0,287.0,749.0,255.0,2.2333,61000.0,INLAND
-122.35,37.53,27.0,2169.0,305.0,905.0,319.0,7.7743,453100.0,NEAR OCEAN
-118.4,33.88,36.0,1543.0,214.0,474.0,187.0,9.3399,500001.0,<1H OCEAN
-118.29,33.92,40.0,1935.0,461.0,1616.0,433.0,2.875,120200.0,<1H OCEAN
-118.36,33.89,40.0,756.0,122.0,371.0,130.0,5.0299,329200.0,<1H OCEAN
-118.15,33.79,5.0,3700.0,993.0,1657.0,848.0,3.7826,196300.0,NEAR OCEAN
-117.38,33.97,30.0,2953.0,703.0,1406.0,580.0,2.6895,150000.0,INLAND
-118.03,34.07,37.0,1091.0,269.0,905.0,242.0,3.1042,152000.0,<1H OCEAN
-122.28,37.86,52.0,2031.0,450.0,958.0,445.0,1.9327,169900.0,NEAR BAY
-117.93,33.87,10.0,1277.0,488.0,730.0,417.0,1.4803,137500.0,<1H OCEAN
-118.12,33.94,33.0,2206.0,393.0,973.0,364.0,4.675,283000.0,<1H OCEAN
-117.18,32.7,42.0,1691.0,286.0,761.0,281.0,5.1386,404500.0,NEAR OCEAN
-117.01,32.81,21.0,4203.0,618.0,1620.0,600.0,5.3441,193500.0,<1H OCEAN
-117.15,32.78,25.0,1577.0,266.0,611.0,284.0,5.25,205100.0,NEAR OCEAN
-121.27,38.69,16.0,3389.0,597.0,1674.0,568.0,4.4489,145600.0,INLAND
-121.7,38.65,22.0,1360.0,282.0,808.0,229.0,2.4167,225000.0,INLAND
-122.82,38.4,40.0,2406.0,423.0,1054.0,426.0,3.8846,215900.0,<1H OCEAN
-118.17,34.08,39.0,787.0,181.0,731.0,179.0,3.2279,158500.0,<1H OCEAN
-121.79,38.0,34.0,3090.0,593.0,1588.0,566.0,3.6118,124700.0,INLAND
-116.15,33.64,10.0,1711.0,499.0,1896.0,443.0,1.6557,65400.0,INLAND
-118.91,34.28,6.0,6106.0,1134.0,3246.0,1062.0,5.2206,280200.0,<1H OCEAN
-118.14,34.03,45.0,1569.0,359.0,1203.0,359.0,2.4612,180500.0,<1H OCEAN
-117.4,34.08,21.0,3622.0,667.0,2503.0,720.0,3.8531,105400.0,INLAND
-118.25,33.93,36.0,2452.0,734.0,2664.0,667.0,0.9298,100000.0,<1H OCEAN
-117.03,32.79,17.0,7352.0,1699.0,3331.0,1634.0,2.7006,166300.0,<1H OCEAN
-120.43,34.89,30.0,1979.0,342.0,999.0,320.0,5.0286,158000.0,<1H OCEAN
-122.02,37.36,21.0,2471.0,677.0,1486.0,689.0,3.9038,243800.0,<1H OCEAN
-122.28,37.9,52.0,2318.0,328.0,779.0,312.0,7.1754,362900.0,NEAR BAY
-118.27,33.82,28.0,1642.0,434.0,1575.0,420.0,4.1292,201900.0,<1H OCEAN
-120.12,41.4,33.0,2820.0,515.0,976.0,403.0,2.6062,52600.0,INLAND
-118.39,34.05,42.0,3105.0,559.0,1253.0,531.0,5.222,500001.0,<1H OCEAN
-118.25,33.97,37.0,794.0,210.0,814.0,213.0,2.2917,112000.0,<1H OCEAN
-120.95,36.47,52.0,1691.0,301.0,618.0,239.0,3.2292,225000.0,<1H OCEAN
-117.25,32.99,10.0,4926.0,749.0,1478.0,634.0,7.472,439900.0,NEAR OCEAN
-117.31,34.05,6.0,7423.0,2111.0,4092.0,1789.0,2.7002,88300.0,INLAND
-122.22,37.44,32.0,4281.0,501.0,1318.0,484.0,15.0001,500001.0,NEAR OCEAN
-122.29,37.9,49.0,1283.0,238.0,576.0,236.0,3.3333,276800.0,NEAR BAY
-118.1,34.06,36.0,1463.0,369.0,1492.0,366.0,3.25,179200.0,<1H OCEAN
-117.99,33.9,30.0,1677.0,372.0,1021.0,332.0,3.5859,199700.0,<1H OCEAN
-117.04,32.74,5.0,2878.0,785.0,1727.0,758.0,1.7179,132000.0,NEAR OCEAN
-118.09,33.77,26.0,5359.0,1508.0,1829.0,1393.0,1.7675,61300.0,<1H OCEAN
-122.2,38.09,18.0,6860.0,1079.0,3205.0,1058.0,5.2957,171900.0,NEAR BAY
-120.76,38.47,17.0,1521.0,309.0,607.0,240.0,3.5,123800.0,INLAND
-117.51,34.02,24.0,7779.0,1835.0,3996.0,1765.0,2.1764,135300.0,INLAND
-117.3,34.18,19.0,2526.0,381.0,1176.0,381.0,5.5136,137100.0,INLAND
-118.18,34.08,35.0,2226.0,602.0,2230.0,549.0,2.9167,129300.0,<1H OCEAN
-119.0,34.19,5.0,3634.0,718.0,1317.0,743.0,4.2917,227900.0,<1H OCEAN
-121.35,38.4,11.0,2322.0,459.0,1373.0,424.0,3.175,94400.0,INLAND
-122.24,38.1,49.0,1851.0,356.0,849.0,307.0,2.9432,103500.0,NEAR BAY
-117.18,32.69,37.0,3112.0,716.0,1304.0,674.0,3.2121,320800.0,NEAR OCEAN
-119.08,34.17,32.0,166.0,22.0,63.0,29.0,7.3004,125000.0,NEAR OCEAN
-121.9,37.67,15.0,2130.0,273.0,876.0,285.0,7.2639,332400.0,<1H OCEAN
-117.65,34.02,9.0,2107.0,411.0,1138.0,389.0,4.4042,159100.0,INLAND
-122.0,37.4,35.0,1542.0,298.0,1164.0,318.0,5.9145,236900.0,<1H OCEAN
-118.05,33.71,25.0,4150.0,570.0,1424.0,547.0,8.8281,461600.0,NEAR OCEAN
-117.98,34.05,35.0,2342.0,426.0,2176.0,416.0,3.7454,156900.0,<1H OCEAN
-119.16,34.95,14.0,4054.0,787.0,1581.0,579.0,3.0882,148200.0,INLAND
-117.13,32.81,26.0,2119.0,444.0,1202.0,440.0,3.2308,166500.0,NEAR OCEAN
-118.25,34.14,30.0,1615.0,570.0,1245.0,544.0,1.8929,196900.0,<1H OCEAN
-118.26,34.08,45.0,2174.0,627.0,1992.0,557.0,2.5428,167800.0,<1H OCEAN
-121.33,38.03,10.0,629.0,140.0,635.0,146.0,2.2961,126700.0,INLAND
-118.15,33.76,36.0,2916.0,785.0,1183.0,749.0,3.5985,500001.0,NEAR OCEAN
-121.56,39.51,47.0,1064.0,245.0,603.0,190.0,1.3654,57900.0,INLAND
-121.96,37.41,17.0,3208.0,617.0,2286.0,602.0,5.2937,238000.0,<1H OCEAN
-116.92,32.79,24.0,4055.0,742.0,2123.0,744.0,4.5224,142000.0,<1H OCEAN
-118.14,34.71,32.0,1164.0,248.0,588.0,270.0,1.1917,86900.0,INLAND
-121.7,39.36,37.0,2330.0,495.0,1505.0,470.0,2.0474,56000.0,INLAND
-118.44,33.88,35.0,2020.0,451.0,724.0,399.0,6.6494,500001.0,NEAR OCEAN
-117.08,32.68,26.0,3071.0,615.0,2156.0,568.0,2.9318,112400.0,NEAR OCEAN
-121.26,37.96,43.0,527.0,133.0,367.0,152.0,2.5,63600.0,INLAND
-122.28,37.5,33.0,6499.0,998.0,2694.0,957.0,7.4787,431300.0,NEAR OCEAN
-118.28,34.07,14.0,1924.0,926.0,2226.0,792.0,2.2552,265900.0,<1H OCEAN
-120.38,36.76,25.0,991.0,272.0,941.0,262.0,1.8125,58000.0,INLAND
-118.94,35.39,13.0,3137.0,417.0,1318.0,397.0,7.7751,194100.0,INLAND
-117.87,33.86,28.0,2292.0,531.0,2197.0,509.0,3.4856,142800.0,<1H OCEAN
-118.11,34.0,33.0,2886.0,726.0,2650.0,728.0,2.625,178700.0,<1H OCEAN
-118.42,34.2,34.0,161.0,48.0,66.0,33.0,1.0,187500.0,<1H OCEAN
-117.85,33.77,16.0,2186.0,511.0,908.0,466.0,4.575,225000.0,<1H OCEAN
-119.28,34.42,23.0,4763.0,828.0,2198.0,771.0,4.8105,313000.0,NEAR OCEAN
-118.49,34.05,52.0,2416.0,291.0,810.0,270.0,13.8556,500001.0,<1H OCEAN
-118.08,33.89,37.0,1152.0,259.0,981.0,225.0,3.2857,153600.0,<1H OCEAN
-119.98,36.9,26.0,1284.0,239.0,820.0,254.0,2.5833,62300.0,INLAND
-116.38,33.74,7.0,17579.0,3479.0,3581.0,1820.0,4.084,194500.0,INLAND
-117.55,33.94,30.0,5398.0,926.0,2672.0,864.0,4.4762,163900.0,INLAND
-122.26,38.36,25.0,1821.0,344.0,349.0,179.0,6.9931,398800.0,INLAND
-122.11,37.14,29.0,3201.0,640.0,1722.0,570.0,4.4597,204100.0,NEAR OCEAN
-119.3,34.39,35.0,3079.0,579.0,1807.0,589.0,4.69,199300.0,NEAR OCEAN
-118.13,34.16,36.0,2162.0,658.0,1337.0,590.0,2.2095,176700.0,<1H OCEAN
-117.91,33.62,35.0,2426.0,359.0,937.0,387.0,9.2175,500001.0,<1H OCEAN
-116.87,32.75,15.0,2053.0,321.0,993.0,309.0,5.5164,248900.0,<1H OCEAN
-118.14,33.97,36.0,1407.0,385.0,1763.0,350.0,2.6364,150000.0,<1H OCEAN
-117.58,34.14,7.0,11818.0,1745.0,5499.0,1600.0,5.3678,231700.0,INLAND
-116.86,33.97,11.0,658.0,131.0,376.0,120.0,2.3977,58000.0,INLAND
-120.16,39.04,18.0,2040.0,402.0,350.0,129.0,4.0313,126000.0,INLAND
-118.07,33.99,41.0,1204.0,252.0,1002.0,248.0,3.0577,163300.0,<1H OCEAN
-120.99,37.8,32.0,2564.0,513.0,1198.0,459.0,2.9083,113400.0,INLAND
-121.91,36.85,22.0,2442.0,624.0,1301.0,290.0,3.1563,300000.0,NEAR OCEAN
-122.28,37.53,34.0,1980.0,385.0,970.0,391.0,5.1207,310900.0,NEAR OCEAN
-117.99,33.71,19.0,1967.0,487.0,1251.0,404.0,3.6696,218800.0,<1H OCEAN
-119.75,36.77,32.0,1962.0,399.0,1005.0,392.0,2.6726,70400.0,INLAND
-122.25,38.0,16.0,2978.0,411.0,1531.0,400.0,6.5006,237700.0,NEAR BAY
-117.0,32.74,17.0,2357.0,599.0,1423.0,510.0,1.8856,118800.0,<1H OCEAN
-115.49,32.67,24.0,1266.0,275.0,1083.0,298.0,1.4828,73100.0,INLAND
-121.0,37.62,28.0,1153.0,420.0,1043.0,357.0,1.0801,75000.0,INLAND
-118.52,34.3,17.0,4542.0,621.0,2144.0,597.0,8.8467,450700.0,<1H OCEAN
-121.97,37.97,26.0,1977.0,264.0,817.0,273.0,5.7512,240200.0,INLAND
-115.38,32.82,38.0,1892.0,394.0,1175.0,374.0,1.9939,65800.0,INLAND
-116.51,34.85,15.0,3149.0,713.0,1281.0,486.0,2.0,64700.0,INLAND
-118.18,33.87,44.0,1832.0,401.0,1056.0,405.0,4.0658,175100.0,<1H OCEAN
-118.58,34.2,21.0,2979.0,744.0,1824.0,692.0,3.5,223700.0,<1H OCEAN
-122.03,38.69,23.0,1796.0,380.0,939.0,330.0,2.7955,96300.0,INLAND
-122.42,37.6,34.0,3562.0,565.0,1542.0,563.0,5.8783,405100.0,NEAR OCEAN
-122.3,37.53,38.0,984.0,171.0,429.0,157.0,5.3261,376800.0,NEAR OCEAN
-117.31,32.82,42.0,2785.0,389.0,833.0,333.0,11.3074,500001.0,NEAR OCEAN
-122.06,37.64,20.0,1655.0,450.0,857.0,430.0,3.5541,350000.0,NEAR BAY
-118.96,34.19,16.0,1807.0,346.0,587.0,296.0,1.9811,162500.0,<1H OCEAN
-117.91,33.87,52.0,2031.0,506.0,1191.0,463.0,2.9076,177300.0,<1H OCEAN
-118.28,33.96,41.0,1175.0,340.0,1241.0,352.0,1.2273,98400.0,<1H OCEAN
-121.11,39.09,16.0,1000.0,197.0,508.0,190.0,2.3062,138800.0,INLAND
-118.37,33.96,26.0,138.0,23.0,100.0,20.0,4.875,175000.0,<1H OCEAN
-122.01,36.97,43.0,2162.0,509.0,1208.0,464.0,2.5417,260900.0,NEAR OCEAN
-118.18,36.63,23.0,2311.0,487.0,1019.0,384.0,2.2574,104700.0,INLAND
-117.92,33.8,17.0,1317.0,256.0,679.0,272.0,4.6696,159500.0,<1H OCEAN
-118.36,33.86,37.0,1768.0,314.0,802.0,290.0,5.0784,295900.0,<1H OCEAN
-117.2,32.77,30.0,156.0,45.0,77.0,40.0,3.2679,137500.0,NEAR OCEAN
-121.89,36.59,32.0,784.0,112.0,262.0,114.0,6.918,500001.0,NEAR OCEAN
-117.69,33.6,17.0,2150.0,361.0,1194.0,335.0,5.4622,227000.0,<1H OCEAN
-118.24,34.22,41.0,2476.0,506.0,1271.0,485.0,3.4531,263900.0,<1H OCEAN
-117.71,34.06,16.0,1458.0,295.0,912.0,331.0,3.625,160400.0,INLAND
-118.31,33.94,43.0,2104.0,393.0,1132.0,394.0,3.0682,142000.0,<1H OCEAN
-118.1,33.96,36.0,1184.0,240.0,946.0,232.0,4.0357,162500.0,<1H OCEAN
-118.36,33.9,39.0,1166.0,222.0,640.0,206.0,3.5313,230400.0,<1H OCEAN
-122.2,37.43,38.0,3626.0,528.0,1350.0,532.0,7.3681,500001.0,NEAR OCEAN
-121.99,37.32,20.0,4461.0,864.0,2042.0,808.0,4.7083,217700.0,<1H OCEAN
-118.34,33.99,48.0,1172.0,205.0,497.0,190.0,3.825,183000.0,<1H OCEAN
-121.88,37.43,17.0,3469.0,896.0,2762.0,808.0,3.3884,245800.0,<1H OCEAN
-122.71,38.42,23.0,1569.0,414.0,1031.0,368.0,1.6267,129200.0,<1H OCEAN
-120.06,36.98,12.0,2710.0,575.0,1724.0,516.0,1.4712,60400.0,INLAND
-124.15,40.81,50.0,340.0,74.0,235.0,83.0,1.75,67500.0,NEAR OCEAN
-121.9,36.97,21.0,3707.0,751.0,1420.0,608.0,4.4485,295200.0,NEAR OCEAN
-117.99,33.85,35.0,1661.0,272.0,949.0,276.0,5.2548,192600.0,<1H OCEAN
-118.09,34.01,36.0,1465.0,363.0,1538.0,342.0,3.5469,150600.0,<1H OCEAN
-118.12,34.69,17.0,2479.0,390.0,1219.0,363.0,4.6417,125700.0,INLAND
-121.62,39.13,41.0,1147.0,243.0,583.0,239.0,2.2431,63400.0,INLAND
-121.35,38.72,2.0,21897.0,3513.0,8652.0,2873.0,4.5432,151300.0,INLAND
-118.64,34.19,30.0,2399.0,373.0,1062.0,377.0,6.0094,245600.0,<1H OCEAN
-117.81,33.82,20.0,2819.0,319.0,1019.0,319.0,12.2092,500001.0,<1H OCEAN
-118.28,33.8,38.0,1471.0,329.0,1207.0,335.0,4.0,165500.0,<1H OCEAN
-117.45,34.07,21.0,3465.0,639.0,2292.0,628.0,3.3553,113500.0,INLAND
-122.55,37.79,32.0,2131.0,625.0,1229.0,572.0,2.9201,322200.0,NEAR OCEAN
-118.39,34.09,27.0,4312.0,1214.0,1634.0,1097.0,3.6207,362500.0,<1H OCEAN
-119.45,36.35,22.0,1824.0,333.0,1076.0,282.0,2.3365,69600.0,INLAND
-118.21,33.94,41.0,1807.0,442.0,1628.0,443.0,2.84,156100.0,<1H OCEAN
-117.1,32.59,21.0,2350.0,667.0,1621.0,613.0,2.0734,87500.0,NEAR OCEAN
-118.07,33.8,17.0,2439.0,554.0,1161.0,532.0,3.6442,193100.0,<1H OCEAN
-117.93,33.8,34.0,3903.0,717.0,2054.0,716.0,4.2731,218000.0,<1H OCEAN
-118.25,33.93,42.0,763.0,191.0,754.0,174.0,2.0486,101800.0,<1H OCEAN
-118.31,34.0,52.0,1542.0,309.0,939.0,276.0,1.6892,129100.0,<1H OCEAN
-121.38,37.88,44.0,1158.0,226.0,1094.0,224.0,2.6842,156300.0,INLAND
-117.15,32.91,10.0,2349.0,431.0,1598.0,435.0,4.8229,183200.0,<1H OCEAN
-118.19,33.95,42.0,1651.0,463.0,1559.0,436.0,2.3882,148100.0,<1H OCEAN
-118.34,34.08,52.0,1721.0,195.0,688.0,196.0,15.0001,500001.0,<1H OCEAN
-117.94,33.65,20.0,5476.0,1073.0,2327.0,963.0,5.6637,222100.0,<1H OCEAN
-118.2,34.12,52.0,1580.0,426.0,1462.0,406.0,3.3326,167600.0,<1H OCEAN
-118.25,34.14,25.0,5980.0,1856.0,5217.0,1772.0,2.506,184500.0,<1H OCEAN
-122.44,37.76,52.0,1968.0,472.0,784.0,430.0,3.3702,370000.0,NEAR BAY
-122.47,37.71,42.0,1961.0,427.0,1211.0,409.0,3.5156,239400.0,NEAR OCEAN
-118.08,33.97,36.0,1620.0,298.0,1258.0,309.0,3.9773,166700.0,<1H OCEAN
-118.12,34.06,25.0,1137.0,293.0,800.0,281.0,2.4286,233300.0,<1H OCEAN
-122.01,36.97,35.0,1605.0,392.0,743.0,382.0,2.5368,240000.0,NEAR OCEAN
-119.94,38.95,25.0,1789.0,536.0,1134.0,396.0,2.32,91300.0,INLAND
-118.51,34.24,31.0,5297.0,664.0,1986.0,657.0,8.6454,483500.0,<1H OCEAN
-118.16,34.0,37.0,1341.0,336.0,1233.0,306.0,3.6583,150500.0,<1H OCEAN
-120.94,37.58,19.0,1549.0,369.0,770.0,370.0,2.0493,99500.0,INLAND
-118.39,34.18,42.0,1957.0,389.0,985.0,414.0,2.9327,240200.0,<1H OCEAN
-122.16,37.76,45.0,2299.0,514.0,1437.0,484.0,2.5122,95500.0,NEAR BAY
-117.92,33.61,37.0,1244.0,173.0,394.0,154.0,10.3682,500001.0,<1H OCEAN
-118.06,34.09,40.0,1975.0,389.0,1116.0,378.0,4.2898,251600.0,<1H OCEAN
-116.96,32.8,16.0,3920.0,1094.0,2612.0,1023.0,1.3291,120800.0,<1H OCEAN
-121.31,38.67,26.0,1387.0,226.0,807.0,244.0,4.1563,135700.0,INLAND
-118.59,34.21,34.0,2389.0,521.0,1560.0,514.0,4.8333,225400.0,<1H OCEAN
-118.42,34.14,27.0,3990.0,892.0,1417.0,800.0,4.0439,500001.0,<1H OCEAN
-120.49,40.31,16.0,1821.0,360.0,969.0,359.0,3.4643,85100.0,INLAND
-118.84,34.11,12.0,7508.0,1058.0,2484.0,965.0,5.8788,500001.0,NEAR OCEAN
-118.19,33.95,41.0,1368.0,309.0,1244.0,312.0,3.0833,164800.0,<1H OCEAN
-121.27,38.67,15.0,2116.0,524.0,866.0,519.0,2.7388,111600.0,INLAND
-121.34,38.64,12.0,2772.0,578.0,1335.0,565.0,3.8068,161000.0,INLAND
-121.78,37.97,4.0,17032.0,2546.0,7653.0,2359.0,5.5601,213700.0,INLAND
-120.25,38.03,21.0,4924.0,966.0,1175.0,454.0,2.9457,116500.0,INLAND
-121.98,37.14,37.0,74.0,19.0,63.0,17.0,9.5908,350000.0,<1H OCEAN
-118.34,33.93,35.0,1213.0,284.0,742.0,253.0,4.0625,159900.0,<1H OCEAN
-118.28,34.11,45.0,1607.0,331.0,633.0,332.0,3.1445,438300.0,<1H OCEAN
-122.32,38.01,26.0,3054.0,492.0,1495.0,496.0,4.6944,171100.0,NEAR BAY
-118.32,33.79,21.0,6638.0,1634.0,3240.0,1568.0,3.6797,271100.0,<1H OCEAN
-119.55,34.38,17.0,1951.0,368.0,681.0,350.0,2.7275,500001.0,<1H OCEAN
-121.02,37.6,33.0,1009.0,238.0,1027.0,246.0,2.5993,68000.0,INLAND
-118.48,34.2,23.0,2850.0,864.0,2249.0,777.0,2.6957,191700.0,<1H OCEAN
-118.03,33.77,24.0,3810.0,579.0,1818.0,590.0,5.8053,255900.0,<1H OCEAN
-118.2,34.06,46.0,453.0,119.0,533.0,132.0,2.2961,112500.0,<1H OCEAN
-117.02,32.81,14.0,3173.0,599.0,1451.0,585.0,3.7292,182200.0,<1H OCEAN
-122.23,37.84,47.0,3175.0,454.0,1098.0,485.0,5.2868,347600.0,NEAR BAY
-121.95,37.25,30.0,3298.0,634.0,1532.0,602.0,5.0863,332000.0,<1H OCEAN
-120.98,37.79,20.0,2458.0,491.0,1227.0,481.0,2.7857,110900.0,INLAND
-118.4,34.2,13.0,4859.0,1293.0,3351.0,1200.0,3.6875,211900.0,<1H OCEAN
-118.51,34.2,33.0,2327.0,479.0,1166.0,472.0,4.2344,262500.0,<1H OCEAN
-119.12,34.38,28.0,7200.0,1281.0,3793.0,1238.0,4.075,237900.0,<1H OCEAN
-118.25,33.93,38.0,180.0,43.0,246.0,56.0,2.85,90000.0,<1H OCEAN
-118.38,33.83,35.0,2152.0,454.0,902.0,414.0,4.5179,427200.0,<1H OCEAN
-117.25,32.94,15.0,1804.0,339.0,673.0,296.0,5.9806,370500.0,NEAR OCEAN
-121.79,39.73,8.0,5690.0,1189.0,2887.0,1077.0,3.0625,116300.0,INLAND
-118.0,33.88,18.0,2628.0,720.0,2276.0,649.0,2.735,170800.0,<1H OCEAN
-118.49,34.28,31.0,3508.0,585.0,1957.0,588.0,6.6458,285500.0,<1H OCEAN
-117.4,33.95,46.0,2189.0,423.0,866.0,389.0,3.1384,111500.0,INLAND
-120.08,36.72,22.0,1339.0,251.0,820.0,276.0,3.6,83200.0,INLAND
-122.06,37.54,20.0,6483.0,1068.0,3526.0,1060.0,5.0838,248200.0,NEAR BAY
-122.25,37.49,40.0,2709.0,521.0,1156.0,510.0,4.6366,395500.0,NEAR OCEAN
-118.31,34.17,12.0,3188.0,931.0,2118.0,850.0,3.1823,218300.0,<1H OCEAN
-122.1,37.39,35.0,2471.0,349.0,881.0,342.0,7.6229,500001.0,NEAR BAY
-121.49,39.49,20.0,2505.0,468.0,1174.0,429.0,2.9965,88900.0,INLAND
-122.08,37.69,43.0,1575.0,324.0,740.0,284.0,2.8512,181000.0,NEAR BAY
-119.83,34.45,24.0,2168.0,373.0,934.0,366.0,5.4197,280900.0,NEAR OCEAN
-118.37,34.05,35.0,2457.0,552.0,1159.0,523.0,3.0862,345300.0,<1H OCEAN
-117.93,34.04,23.0,6361.0,1168.0,4580.0,1109.0,4.9342,181000.0,<1H OCEAN
-118.02,33.94,33.0,2382.0,404.0,1339.0,389.0,5.3016,192200.0,<1H OCEAN
-121.09,39.48,25.0,1665.0,374.0,845.0,330.0,1.5603,78100.0,INLAND
-121.01,37.64,52.0,201.0,35.0,74.0,22.0,1.3036,75000.0,INLAND
-122.12,37.88,35.0,2785.0,362.0,1001.0,363.0,8.0448,433300.0,NEAR BAY
-117.97,34.1,26.0,1399.0,277.0,1285.0,276.0,4.0,160100.0,INLAND
-117.22,33.74,7.0,1810.0,386.0,931.0,355.0,2.5221,109200.0,<1H OCEAN
-121.42,38.7,10.0,2562.0,460.0,1478.0,433.0,4.0625,96200.0,INLAND
-121.27,38.87,16.0,2094.0,358.0,1092.0,357.0,4.4769,191400.0,INLAND
-120.1,39.19,18.0,3824.0,559.0,241.0,106.0,5.5456,360000.0,INLAND
-122.79,38.42,9.0,4967.0,885.0,2581.0,915.0,5.038,185600.0,<1H OCEAN
-117.01,33.97,18.0,4775.0,886.0,1868.0,836.0,2.3355,118800.0,INLAND
-122.23,37.79,30.0,610.0,145.0,425.0,140.0,1.6198,122700.0,NEAR BAY
-117.55,34.14,3.0,5710.0,919.0,2874.0,886.0,5.3638,206300.0,INLAND
-117.46,34.06,24.0,2831.0,478.0,1582.0,435.0,4.3397,195600.0,INLAND
-117.13,32.7,48.0,786.0,230.0,917.0,231.0,1.875,75600.0,NEAR OCEAN
-122.35,40.25,10.0,1621.0,318.0,866.0,283.0,3.5,104300.0,INLAND
-118.35,34.13,39.0,1610.0,278.0,511.0,278.0,4.3333,385900.0,<1H OCEAN
-117.07,32.74,38.0,1901.0,392.0,1099.0,406.0,2.7661,113900.0,NEAR OCEAN
-122.36,37.94,43.0,369.0,107.0,371.0,111.0,1.6,79400.0,NEAR BAY
-119.85,36.77,9.0,1142.0,314.0,620.0,283.0,2.0446,81300.0,INLAND
-118.36,33.96,17.0,3431.0,934.0,2365.0,810.0,3.0393,129200.0,<1H OCEAN
-122.64,38.87,16.0,1177.0,240.0,519.0,199.0,1.5739,73500.0,INLAND
-122.03,38.01,27.0,3228.0,562.0,1666.0,588.0,4.5707,175900.0,NEAR BAY
-118.44,34.27,29.0,1701.0,419.0,1616.0,371.0,3.3603,142400.0,<1H OCEAN
-118.35,34.05,47.0,2815.0,679.0,1533.0,594.0,2.5806,234100.0,<1H OCEAN
-122.28,37.53,25.0,3710.0,1015.0,2068.0,958.0,3.5445,286700.0,NEAR OCEAN
-121.54,38.29,47.0,1396.0,254.0,630.0,218.0,2.8616,92500.0,INLAND
-116.91,32.82,14.0,1978.0,424.0,1085.0,387.0,3.8073,170100.0,<1H OCEAN
-121.83,36.62,33.0,1771.0,398.0,1037.0,388.0,2.7708,161800.0,<1H OCEAN
-118.11,33.83,36.0,1462.0,233.0,664.0,220.0,5.1171,225300.0,<1H OCEAN
-118.35,33.93,33.0,2040.0,576.0,2649.0,561.0,2.3375,170600.0,<1H OCEAN
-118.39,34.03,25.0,3442.0,1050.0,1890.0,914.0,3.0574,319400.0,<1H OCEAN
-119.27,35.51,28.0,1089.0,179.0,544.0,190.0,3.2279,95800.0,INLAND
-116.87,33.94,35.0,4448.0,906.0,2736.0,843.0,2.218,73400.0,INLAND
-121.24,40.31,36.0,1597.0,301.0,632.0,262.0,3.5962,93600.0,INLAND
-119.79,36.84,22.0,1529.0,375.0,1543.0,395.0,1.7926,51700.0,INLAND
-118.47,33.99,52.0,2167.0,622.0,1095.0,570.0,2.8514,358700.0,<1H OCEAN
-119.82,36.79,18.0,5822.0,1439.0,3415.0,1224.0,1.6854,64700.0,INLAND
-117.24,33.05,11.0,5827.0,882.0,2588.0,842.0,6.4027,344200.0,NEAR OCEAN
-122.57,38.02,33.0,9531.0,1487.0,3798.0,1409.0,5.6512,314000.0,NEAR BAY
-118.38,34.03,43.0,912.0,255.0,705.0,246.0,2.6402,185700.0,<1H OCEAN
-122.03,37.94,21.0,5541.0,776.0,2214.0,737.0,5.5777,279300.0,NEAR BAY
